-7.773093879222869873e-02	3.117235377430915833e-02	5.192912369966506958e-02	4.500504583120346069e-03	-6.398893892765045166e-02	-2.363421954214572906e-04	-3.189263120293617249e-02	-5.597247555851936340e-02	1.544420272111892700e-01	-4.266878589987754822e-02	2.712785303592681885e-01	-5.185632035136222839e-02	-2.210257500410079956e-01	-7.609728723764419556e-03	-3.231739625334739685e-02	1.322850584983825684e-01	-1.743468940258026123e-01	-7.967234402894973755e-02	-1.093179881572723389e-01	-1.192513257265090942e-01	1.310866475105285645e-01	-2.236421778798103333e-02	-6.175234913825988770e-03	7.718216627836227417e-02	-2.511605620384216309e-01	-2.882251143455505371e-01	-4.829051345586776733e-02	-1.737953275442123413e-01	2.590540051460266113e-02	-6.540227681398391724e-02	-6.907038390636444092e-03	1.294580847024917603e-02	-8.465673774480819702e-02	1.712471805512905121e-02	4.738576337695121765e-02	5.298791453242301941e-02	-9.047071449458599091e-03	-7.543925940990447998e-02	2.100773006677627563e-01	-3.610607236623764038e-02	-1.509175896644592285e-01	1.283391714096069336e-01	7.018892467021942139e-02	2.430599629878997803e-01	1.538256406784057617e-01	4.319113120436668396e-02	1.234336271882057190e-01	-5.689994990825653076e-02	1.630812883377075195e-01	-2.652959227561950684e-01	1.125253587961196899e-01	1.359605044126510620e-01	1.655071079730987549e-01	7.724756747484207153e-02	1.710616648197174072e-01	-2.227942347526550293e-01	-6.278231739997863770e-02	2.221232354640960693e-01	-1.285110414028167725e-01	1.894853711128234863e-01	2.462809160351753235e-02	2.092086523771286011e-02	2.806406095623970032e-02	-1.178635954856872559e-01	1.860948354005813599e-01	1.277339458465576172e-01	-1.926762312650680542e-01	-8.690699934959411621e-02	1.192219406366348267e-01	-1.234255433082580566e-01	-6.955288350582122803e-02	6.665205955505371094e-02	-1.818956136703491211e-01	-2.133127152919769287e-01	-2.848958671092987061e-01	6.337958574295043945e-02	4.697883129119873047e-01	1.506929695606231689e-01	-2.338296175003051758e-01	-2.332429774105548859e-02	-3.705734014511108398e-02	-2.474498003721237183e-03	1.003498025238513947e-02	9.444849193096160889e-02	-7.216966897249221802e-02	-4.542761296033859253e-02	-8.153102546930313110e-02	1.105637848377227783e-02	2.141709327697753906e-01	6.092969328165054321e-03	7.625855505466461182e-05	2.588481903076171875e-01	7.589891552925109863e-03	-1.094742678105831146e-02	-6.466224789619445801e-02	9.602680802345275879e-03	-1.659689694643020630e-01	-4.916132241487503052e-02	-2.774036675691604614e-02	-2.889520674943923950e-02	-5.208465084433555603e-02	-8.025190979242324829e-02	1.111067458987236023e-02	6.015487760305404663e-02	-2.257804274559020996e-01	1.456132829189300537e-01	-7.232188433408737183e-02	1.315505430102348328e-02	-6.505929678678512573e-02	1.202555373311042786e-01	-6.935483217239379883e-02	6.104089692234992981e-02	1.649552285671234131e-01	-2.848266959190368652e-01	1.564816087484359741e-01	1.986011415719985962e-01	1.293663531541824341e-01	1.270067393779754639e-01	2.278356440365314484e-02	3.043141961097717285e-02	3.154979646205902100e-02	6.069079414010047913e-02	-1.744122505187988281e-01	-5.546784773468971252e-02	-2.644586004316806793e-02	-7.046057283878326416e-02	8.799541741609573364e-03	6.492339819669723511e-02
-4.629339277744293213e-02	6.666371226310729980e-02	4.673497751355171204e-02	-7.853192090988159180e-02	-4.185186699032783508e-02	4.108471423387527466e-02	-3.205164521932601929e-02	-4.516482353210449219e-02	1.260639280080795288e-01	-1.292810030281543732e-02	2.739353477954864502e-01	-5.439076572656631470e-02	-2.080106735229492188e-01	-4.558202996850013733e-02	3.083041310310363770e-02	7.372047752141952515e-02	-1.817347854375839233e-01	-1.111243516206741333e-01	-1.035555154085159302e-01	-1.354672461748123169e-01	9.697821736335754395e-02	-6.223854795098304749e-02	-4.086429625749588013e-02	5.130453407764434814e-02	-2.356426119804382324e-01	-2.626978456974029541e-01	-5.635539814829826355e-02	-1.508441418409347534e-01	4.077257215976715088e-02	-6.696799397468566895e-02	4.817269742488861084e-02	-1.688813045620918274e-02	-1.113122105598449707e-01	9.142652153968811035e-03	3.303329646587371826e-02	4.878189414739608765e-02	-2.830214053392410278e-02	-9.775504469871520996e-02	1.767422854900360107e-01	-6.592956185340881348e-02	-1.293971985578536987e-01	1.482555568218231201e-01	7.260960340499877930e-02	2.447619438171386719e-01	1.863121092319488525e-01	1.575570181012153625e-02	1.028255522251129150e-01	-5.300732702016830444e-02	1.391002386808395386e-01	-2.835198938846588135e-01	6.153341010212898254e-02	1.895986646413803101e-01	1.282945424318313599e-01	7.757697999477386475e-02	1.454167217016220093e-01	-1.378979235887527466e-01	-4.632947966456413269e-02	1.893159151077270508e-01	-1.528204679489135742e-01	1.523132473230361938e-01	3.745789825916290283e-02	1.428706198930740356e-02	-6.378266029059886932e-03	-1.840094476938247681e-01	1.818104833364486694e-01	1.568694710731506348e-01	-2.129616141319274902e-01	-1.455671340227127075e-01	7.274437695741653442e-02	-1.303081512451171875e-01	-1.264954805374145508e-01	8.096178621053695679e-02	-1.760180443525314331e-01	-1.838936209678649902e-01	-2.899839580059051514e-01	7.634304463863372803e-02	4.274266958236694336e-01	1.635254323482513428e-01	-2.284550964832305908e-01	3.600109368562698364e-03	-7.815263420343399048e-02	1.292614638805389404e-02	5.438589025288820267e-03	8.277164399623870850e-02	-6.405877321958541870e-02	-3.834213688969612122e-02	-5.816414952278137207e-02	3.305477276444435120e-02	2.139850854873657227e-01	-1.272169407457113266e-02	-1.623301766812801361e-02	2.151712030172348022e-01	-5.480978637933731079e-03	8.677732199430465698e-03	-6.985542178153991699e-02	4.564057290554046631e-02	-1.379322409629821777e-01	-4.089096933603286743e-02	-6.503317505121231079e-02	-1.192227005958557129e-02	-3.382230177521705627e-02	-5.050892010331153870e-02	2.774712443351745605e-02	8.792258799076080322e-02	-2.039646804332733154e-01	1.795122921466827393e-01	-5.127590149641036987e-02	5.486184731125831604e-03	-5.393788218498229980e-02	7.712949812412261963e-02	-2.248073183000087738e-02	7.519367337226867676e-02	1.655689030885696411e-01	-3.215043842792510986e-01	1.531268507242202759e-01	2.094468921422958374e-01	1.165468841791152954e-01	7.905709743499755859e-02	5.612153932452201843e-02	1.320966612547636032e-02	8.468756452202796936e-03	4.902806878089904785e-02	-1.713695079088211060e-01	-6.469695270061492920e-02	-7.475157082080841064e-02	-3.561427816748619080e-02	2.098077908158302307e-03	3.526576235890388489e-02
-3.028225526213645935e-02	5.440384149551391602e-02	4.641026258468627930e-02	-5.652732402086257935e-02	-4.756253212690353394e-02	8.810409158468246460e-02	-5.349112302064895630e-02	1.186829060316085815e-02	1.346991956233978271e-01	-1.648806966841220856e-03	2.429467439651489258e-01	1.930018141865730286e-02	-2.301185280084609985e-01	-3.145711869001388550e-02	-2.573132701218128204e-02	1.193713471293449402e-01	-1.614812463521957397e-01	-1.046632751822471619e-01	-1.090603247284889221e-01	-1.176073178648948669e-01	8.069831132888793945e-02	-1.900642365217208862e-02	1.079089939594268799e-03	5.510677024722099304e-02	-2.273610532283782959e-01	-2.496359050273895264e-01	-2.318788692355155945e-02	-1.737538725137710571e-01	5.930182337760925293e-02	-9.210837632417678833e-02	1.797506958246231079e-02	1.520924270153045654e-04	-1.134297996759414673e-01	-3.411434590816497803e-03	2.994348481297492981e-02	5.027501285076141357e-02	-3.962649032473564148e-02	-7.020121812820434570e-02	1.861779987812042236e-01	-6.514556705951690674e-03	-1.508373022079467773e-01	1.571628302335739136e-01	5.374975502490997314e-02	2.594030201435089111e-01	2.048454582691192627e-01	1.766435429453849792e-02	1.034120172262191772e-01	-2.909807302057743073e-02	1.068368330597877502e-01	-2.976493835449218750e-01	9.180223196744918823e-02	1.601050645112991333e-01	1.386682987213134766e-01	7.172033935785293579e-02	1.124180406332015991e-01	-1.585794091224670410e-01	-7.565790414810180664e-02	2.322124540805816650e-01	-1.758623868227005005e-01	1.942612230777740479e-01	1.450433023273944855e-02	8.259410038590431213e-03	-1.899025589227676392e-02	-1.449535787105560303e-01	1.066417247056961060e-01	1.541710495948791504e-01	-1.740883588790893555e-01	-1.613245457410812378e-01	1.145729869604110718e-01	-1.427552700042724609e-01	-8.415170013904571533e-02	1.013466417789459229e-01	-1.699085235595703125e-01	-1.835701763629913330e-01	-2.638930678367614746e-01	7.881390303373336792e-02	3.583988547325134277e-01	1.672968566417694092e-01	-1.713098287582397461e-01	-1.281769759953022003e-02	-2.726106718182563782e-02	2.529118955135345459e-02	-4.075347259640693665e-02	2.638254128396511078e-02	-8.025242388248443604e-02	-6.399846076965332031e-02	-2.786336839199066162e-02	2.266360819339752197e-02	1.852763295173645020e-01	7.600812241435050964e-03	-1.162913255393505096e-02	2.060523927211761475e-01	-1.543769240379333496e-02	-5.019475519657135010e-02	-3.962125629186630249e-02	6.907778978347778320e-02	-1.249290704727172852e-01	-3.828655555844306946e-02	-1.123356074094772339e-01	-3.637388348579406738e-02	-6.053548678755760193e-02	-1.077911704778671265e-01	4.769573733210563660e-02	5.640806630253791809e-02	-1.892872899770736694e-01	1.196071058511734009e-01	-7.771498709917068481e-02	-1.502595655620098114e-02	-2.688888087868690491e-02	1.168277710676193237e-01	-9.392997622489929199e-02	4.454774037003517151e-02	2.245702147483825684e-01	-2.453130483627319336e-01	1.962604969739913940e-01	2.486652433872222900e-01	1.293751746416091919e-01	4.961807280778884888e-02	1.061625033617019653e-01	2.924380451440811157e-02	7.740946020931005478e-03	3.438593074679374695e-02	-1.580000221729278564e-01	-7.403877377510070801e-02	-3.698940202593803406e-02	-5.715360864996910095e-02	1.084243971854448318e-02	3.090015426278114319e-02
-1.182732433080673218e-01	2.925512939691543579e-02	3.184865042567253113e-02	-6.479307264089584351e-02	-6.862723827362060547e-02	4.340278729796409607e-02	-1.066869776695966721e-02	-1.140096783638000488e-02	1.371197402477264404e-01	-3.975826501846313477e-02	2.407592087984085083e-01	-4.549201205372810364e-02	-2.511075735092163086e-01	-6.069321185350418091e-02	2.384879812598228455e-02	9.254585206508636475e-02	-1.742924004793167114e-01	-1.357149928808212280e-01	-8.963664621114730835e-02	-6.517218798398971558e-02	1.223471909761428833e-01	-4.117881506681442261e-02	4.669208452105522156e-02	7.599274814128875732e-02	-2.234979569911956787e-01	-3.574599325656890869e-01	-6.855535507202148438e-02	-1.528568565845489502e-01	5.073340237140655518e-02	-1.085700988769531250e-01	3.514405339956283569e-02	9.416848421096801758e-03	-1.355806440114974976e-01	-5.062926560640335083e-02	3.645154461264610291e-02	9.040894359350204468e-02	5.205156747251749039e-03	-1.008019000291824341e-01	2.464829236268997192e-01	-1.365616545081138611e-02	-2.019117027521133423e-01	1.861890405416488647e-01	5.779015272855758667e-02	2.809397280216217041e-01	1.660504788160324097e-01	1.117004081606864929e-03	1.143615171313285828e-01	-2.967593818902969360e-02	1.423736959695816040e-01	-3.090662956237792969e-01	8.427114784717559814e-02	1.607632040977478027e-01	1.653242409229278564e-01	2.795424312353134155e-03	1.187294423580169678e-01	-1.267477124929428101e-01	-6.294112652540206909e-02	2.258684784173965454e-01	-1.165195703506469727e-01	1.865923851728439331e-01	5.998913943767547607e-02	9.228488430380821228e-03	-8.991713635623455048e-03	-1.160252392292022705e-01	8.211231976747512817e-02	9.407272934913635254e-02	-1.608000248670578003e-01	-1.485580503940582275e-01	1.027310788631439209e-01	-9.157238900661468506e-02	-8.873015642166137695e-02	1.063892543315887451e-01	-1.986537426710128784e-01	-2.138919979333877563e-01	-2.239887565374374390e-01	1.016867458820343018e-01	4.350824952125549316e-01	1.355851590633392334e-01	-2.030491530895233154e-01	2.380051650106906891e-02	-7.387328892946243286e-02	4.518900811672210693e-02	-2.194347232580184937e-02	8.231417834758758545e-02	-4.331494495272636414e-02	-5.443347990512847900e-02	-6.804627925157546997e-02	6.476175785064697266e-02	2.197967618703842163e-01	5.773665383458137512e-03	-2.146119810640811920e-02	2.272150069475173950e-01	4.481440037488937378e-02	4.299877211451530457e-02	-1.604048907756805420e-02	2.499943226575851440e-02	-9.730262309312820435e-02	-2.335914596915245056e-02	-1.332851648330688477e-01	2.692513167858123779e-03	-7.290299050509929657e-03	-7.067131251096725464e-02	7.876031100749969482e-03	5.692709609866142273e-02	-2.378305792808532715e-01	1.334689855575561523e-01	-5.157709121704101562e-02	-3.580939024686813354e-02	-5.843044258654117584e-03	1.080549657344818115e-01	-7.514224946498870850e-02	7.579413056373596191e-02	1.490687727928161621e-01	-2.947174310684204102e-01	1.649114340543746948e-01	2.902559936046600342e-01	1.228393763303756714e-01	8.344776183366775513e-02	1.209289953112602234e-01	-2.545300126075744629e-02	1.013053581118583679e-01	6.687324494123458862e-02	-1.950370818376541138e-01	-9.094433486461639404e-02	8.269610814750194550e-03	-1.086517982184886932e-02	-1.560957077890634537e-02	9.715088643133640289e-03
-7.253944128751754761e-02	5.120889842510223389e-02	5.656359344720840454e-02	-7.240478694438934326e-02	-4.927402734756469727e-02	9.329575300216674805e-02	-2.502377144992351532e-02	-2.489694207906723022e-02	1.104104816913604736e-01	-1.292294450104236603e-02	2.928673624992370605e-01	4.582338035106658936e-03	-2.568157911300659180e-01	-8.375251293182373047e-02	7.551795244216918945e-02	9.449513256549835205e-02	-1.604335606098175049e-01	-1.144963279366493225e-01	-6.652973592281341553e-02	-9.132245928049087524e-02	1.518692225217819214e-01	-6.066498160362243652e-02	-2.111960202455520630e-03	4.390390962362289429e-02	-2.451800107955932617e-01	-2.467011958360671997e-01	-6.383796036243438721e-02	-1.332027167081832886e-01	5.606170743703842163e-02	-1.005633398890495300e-01	4.714101552963256836e-02	-1.422312855720520020e-02	-1.371082067489624023e-01	-1.003151014447212219e-02	1.629113405942916870e-02	3.826043009757995605e-02	5.590626969933509827e-04	-8.273932337760925293e-02	1.994263231754302979e-01	-2.016509510576725006e-02	-1.966764926910400391e-01	1.580359637737274170e-01	2.239975705742835999e-02	2.313746660947799683e-01	1.079306453466415405e-01	9.859019890427589417e-03	8.151461929082870483e-02	-3.192306309938430786e-02	1.536742746829986572e-01	-2.637526094913482666e-01	8.462005108594894409e-02	1.697565168142318726e-01	1.742474585771560669e-01	1.941381767392158508e-02	8.581470698118209839e-02	-1.558098047971725464e-01	-3.973940759897232056e-02	1.861077100038528442e-01	-1.860908269882202148e-01	1.529336124658584595e-01	1.939697377383708954e-02	-5.128188431262969971e-02	3.152716904878616333e-03	-1.730589717626571655e-01	1.022804751992225647e-01	1.309157460927963257e-01	-1.591394841670989990e-01	-1.729810833930969238e-01	9.031526744365692139e-02	-4.115969687700271606e-02	-9.523159265518188477e-02	1.297143995761871338e-01	-2.096866071224212646e-01	-1.716915220022201538e-01	-2.967268228530883789e-01	7.919017970561981201e-02	3.928282260894775391e-01	8.725804835557937622e-02	-2.190535962581634521e-01	9.392565116286277771e-03	-8.054762333631515503e-02	4.160899296402931213e-02	-3.964914381504058838e-02	8.000162988901138306e-02	-4.984595999121665955e-02	-1.105606555938720703e-02	-4.893950000405311584e-02	2.789419144392013550e-02	1.819101125001907349e-01	-4.568972811102867126e-02	-1.495928317308425903e-02	2.402465194463729858e-01	2.140181884169578552e-02	4.493749886751174927e-02	-2.155372872948646545e-02	5.102680623531341553e-02	-9.855344146490097046e-02	-5.899119749665260315e-02	-6.673702597618103027e-02	-1.934457942843437195e-02	-4.826673492789268494e-02	-1.044751554727554321e-01	4.573281481862068176e-02	7.298651337623596191e-02	-2.346543073654174805e-01	1.411025822162628174e-01	-2.392867207527160645e-02	5.267048254609107971e-03	-2.460001595318317413e-02	1.123787462711334229e-01	-5.969714745879173279e-02	2.102121710777282715e-02	1.368664503097534180e-01	-3.253577351570129395e-01	1.668519228696823120e-01	2.535212337970733643e-01	1.011484712362289429e-01	5.298930034041404724e-02	8.669634908437728882e-02	3.217510506510734558e-02	-9.117498993873596191e-03	4.840521886944770813e-02	-1.651799976825714111e-01	-6.080754846334457397e-02	1.084004435688257217e-02	-3.076528385281562805e-02	-1.717346161603927612e-02	2.787180989980697632e-02
-1.990411803126335144e-02	3.729446604847908020e-02	9.199589490890502930e-02	-4.599326103925704956e-02	-8.421294391155242920e-02	3.019422665238380432e-02	-6.993050873279571533e-02	-4.741090536117553711e-02	1.299731582403182983e-01	-5.581118166446685791e-02	2.520253956317901611e-01	-3.432628512382507324e-02	-2.159005552530288696e-01	3.871344029903411865e-03	3.398029506206512451e-02	1.080195158720016479e-01	-1.601066887378692627e-01	-6.506226211786270142e-02	-1.140712350606918335e-01	-1.439336985349655151e-01	6.897297501564025879e-02	-6.216462701559066772e-03	2.368340268731117249e-02	6.876073777675628662e-02	-2.371234595775604248e-01	-2.729215621948242188e-01	-9.312978386878967285e-02	-1.293095797300338745e-01	7.273039221763610840e-02	-7.681341469287872314e-02	1.189680304378271103e-02	-4.846669733524322510e-03	-1.293459534645080566e-01	1.439983770251274109e-02	7.160101085901260376e-03	-5.384612828493118286e-03	3.774318099021911621e-02	-7.672094553709030151e-02	2.077766507863998413e-01	-3.152173012495040894e-02	-1.640246063470840454e-01	1.703501343727111816e-01	3.322397172451019287e-02	1.919306665658950806e-01	1.835108250379562378e-01	4.293539747595787048e-02	1.190962269902229309e-01	-3.381685167551040649e-02	1.526933610439300537e-01	-2.622199058532714844e-01	7.781340926885604858e-02	1.384213417768478394e-01	1.374658942222595215e-01	-2.657341584563255310e-02	1.254260241985321045e-01	-1.542366296052932739e-01	-1.122295260429382324e-01	2.058260589838027954e-01	-1.443771421909332275e-01	1.724254190921783447e-01	2.282018214464187622e-02	-1.059915125370025635e-02	-1.847170852124691010e-02	-1.579536199569702148e-01	1.293800473213195801e-01	1.276695132255554199e-01	-1.663687378168106079e-01	-1.329535990953445435e-01	1.394358277320861816e-01	-1.157604828476905823e-01	-7.340428233146667480e-02	8.993126451969146729e-02	-1.752382814884185791e-01	-1.733807325363159180e-01	-2.989772558212280273e-01	5.888491868972778320e-02	4.751790761947631836e-01	1.368812173604965210e-01	-2.343967854976654053e-01	3.501643612980842590e-02	-4.922205209732055664e-02	1.840338110923767090e-03	-2.195154689252376556e-02	7.808457314968109131e-02	-4.846949875354766846e-02	-4.628460109233856201e-02	-5.073891580104827881e-02	7.458251714706420898e-02	2.167747765779495239e-01	-2.348115481436252594e-02	-1.781081780791282654e-03	2.237674146890640259e-01	5.535351112484931946e-03	5.730434134602546692e-02	-7.428845018148422241e-02	3.342958539724349976e-02	-1.419846713542938232e-01	-7.159737497568130493e-02	-7.128643244504928589e-02	8.246786892414093018e-03	-4.346270486712455750e-02	-2.743322867900133133e-03	2.194821462035179138e-02	6.412972509860992432e-02	-1.958204358816146851e-01	2.005208283662796021e-01	-5.626457929611206055e-02	-5.515641719102859497e-02	-7.571825385093688965e-02	1.219402104616165161e-01	-4.628231376409530640e-02	8.126908540725708008e-02	1.908679902553558350e-01	-2.840074002742767334e-01	1.321011781692504883e-01	2.008367776870727539e-01	6.435381621122360229e-02	9.746596962213516235e-02	3.605385869741439819e-02	3.415074571967124939e-02	2.648537606000900269e-02	6.079187616705894470e-02	-1.868531405925750732e-01	-1.135319769382476807e-01	-1.402765791863203049e-02	-1.096786037087440491e-01	5.661479756236076355e-02	5.871102958917617798e-02
-1.274500936269760132e-01	1.332033723592758179e-01	7.446742802858352661e-02	-1.166746914386749268e-01	-1.549265682697296143e-01	3.970232978463172913e-02	-3.563773259520530701e-02	-1.904300898313522339e-01	1.813354492187500000e-01	-1.056666001677513123e-01	1.976919472217559814e-01	-1.363443955779075623e-02	-2.634049952030181885e-01	1.482253670692443848e-01	-8.163464814424514771e-02	1.403840184211730957e-01	-2.404439598321914673e-01	-1.363635361194610596e-01	-6.666381657123565674e-02	-3.080790117383003235e-02	3.110079467296600342e-02	8.571040630340576172e-02	5.191361904144287109e-02	8.035661280155181885e-02	-1.506411582231521606e-01	-2.852390706539154053e-01	-8.294443786144256592e-02	-1.087861433625221252e-01	1.277060210704803467e-01	1.258969958871603012e-02	4.272956028580665588e-02	3.765785694122314453e-02	-1.930663585662841797e-01	3.601134195923805237e-02	-7.822282612323760986e-03	6.799410283565521240e-02	-9.392682462930679321e-02	-1.772212833166122437e-01	2.054706662893295288e-01	-3.836531192064285278e-03	-2.547860741615295410e-01	-4.657621309161186218e-02	7.886083424091339111e-02	2.146977782249450684e-01	1.986310184001922607e-01	-6.004712730646133423e-02	7.378420978784561157e-02	-1.304942816495895386e-01	1.262788623571395874e-01	-3.374408483505249023e-01	4.870080947875976562e-02	1.557767987251281738e-01	-7.516928017139434814e-04	1.169791966676712036e-01	7.797411829233169556e-02	-2.571129500865936279e-01	3.277363628149032593e-02	1.308190077543258667e-01	-1.379927247762680054e-01	9.536984562873840332e-02	1.375672519207000732e-01	3.044252283871173859e-02	3.224454447627067566e-02	-1.069317311048507690e-01	2.177858799695968628e-01	9.073322266340255737e-02	-1.566836237907409668e-01	-1.150542497634887695e-01	2.289996743202209473e-01	-1.286654472351074219e-01	-3.827403485774993896e-02	1.197696924209594727e-01	-1.367071717977523804e-01	-2.431691586971282959e-01	-1.638866662979125977e-01	5.569815263152122498e-02	4.505034685134887695e-01	1.985593736171722412e-01	-1.059172526001930237e-01	6.250873208045959473e-02	-7.097666710615158081e-02	-3.457143157720565796e-02	2.237364277243614197e-02	1.546126008033752441e-01	1.224305480718612671e-02	-1.163135096430778503e-02	-8.557552844285964966e-02	3.255004435777664185e-02	2.260352969169616699e-01	-5.407217890024185181e-02	4.232478886842727661e-02	3.630863130092620850e-01	2.208451926708221436e-02	-1.498487684875726700e-02	3.801663219928741455e-02	1.666156649589538574e-01	-1.859230995178222656e-01	1.822730898857116699e-02	-1.640504300594329834e-01	4.471797496080398560e-03	6.362210959196090698e-03	-2.439646981656551361e-02	-1.020860485732555389e-02	1.317959278821945190e-01	-1.071176901459693909e-01	2.461970299482345581e-01	-2.959484606981277466e-02	8.142710663378238678e-03	-1.862823031842708588e-03	-5.616532266139984131e-02	-3.219288215041160583e-02	-2.873690985143184662e-02	1.982050836086273193e-01	-2.058577984571456909e-01	1.683364808559417725e-01	1.076871752738952637e-01	2.264271676540374756e-02	1.711076498031616211e-01	8.153061568737030029e-02	1.251824200153350830e-01	4.252205789089202881e-02	-1.475420221686363220e-02	-2.180890440940856934e-01	-7.702478021383285522e-02	4.140936210751533508e-02	-1.149421632289886475e-01	-8.165992796421051025e-02	5.896478146314620972e-02
-1.492273807525634766e-01	1.089414730668067932e-01	1.097899153828620911e-01	-7.793696224689483643e-02	-1.521043777465820312e-01	-4.092473536729812622e-04	-4.486282169818878174e-02	-1.133744418621063232e-01	1.890472322702407837e-01	-1.516366004943847656e-01	1.936969012022018433e-01	-4.020214080810546875e-03	-2.141549736261367798e-01	7.198291271924972534e-02	-1.162934452295303345e-01	1.603477299213409424e-01	-2.588298022747039795e-01	-1.584708094596862793e-01	-1.097650825977325439e-01	-1.346107423305511475e-01	7.382114231586456299e-02	5.093871802091598511e-02	-5.772076547145843506e-02	1.809441298246383667e-02	-2.411224842071533203e-01	-2.985158860683441162e-01	-7.473422586917877197e-02	-1.275514215230941772e-01	-8.587084710597991943e-03	-2.122690901160240173e-02	9.717798233032226562e-02	5.133416131138801575e-02	-8.035865426063537598e-02	4.194179549813270569e-02	3.162029758095741272e-02	4.050207138061523438e-02	-1.168902497738599777e-02	-1.267069876194000244e-01	1.882450133562088013e-01	-4.068473726511001587e-02	-2.784242630004882812e-01	-3.822699189186096191e-02	1.497055590152740479e-01	2.647106945514678955e-01	2.631727159023284912e-01	-6.868442147970199585e-02	3.719802200794219971e-02	-5.518575757741928101e-02	2.599025964736938477e-01	-3.305754065513610840e-01	4.262018948793411255e-03	1.545411497354507446e-01	1.064244136214256287e-01	1.154122501611709595e-01	1.658783704042434692e-01	-1.689290702342987061e-01	-8.477272465825080872e-03	1.411958336830139160e-01	-1.195636615157127380e-01	5.198704823851585388e-02	6.280464679002761841e-02	-1.087014079093933105e-01	2.139851450920104980e-02	-1.065513193607330322e-01	1.506138145923614502e-01	8.188818395137786865e-02	-1.929798424243927002e-01	-1.001922264695167542e-01	2.171489596366882324e-01	-1.424610763788223267e-01	-1.704626716673374176e-02	1.319528669118881226e-01	-1.677134037017822266e-01	-2.188892811536788940e-01	-2.371196001768112183e-01	8.140061981976032257e-03	5.272013545036315918e-01	1.795267462730407715e-01	-9.613952040672302246e-02	-5.337271839380264282e-03	-5.678319558501243591e-02	-2.318242378532886505e-02	-2.729619853198528290e-03	1.823261082172393799e-01	-3.546141088008880615e-03	-3.365939110517501831e-02	-5.991545319557189941e-02	8.069148659706115723e-02	2.459700256586074829e-01	-5.595469102263450623e-02	-1.448420993983745575e-02	2.855933606624603271e-01	-9.165570139884948730e-03	-1.798163540661334991e-02	-3.769077733159065247e-02	1.237118467688560486e-01	-1.965429633855819702e-01	-9.828308597207069397e-03	-6.634077429771423340e-02	1.339245215058326721e-02	1.943549513816833496e-02	-1.546393521130084991e-02	1.939819194376468658e-02	8.982799202203750610e-02	-9.256552159786224365e-02	1.879567354917526245e-01	-5.016673728823661804e-02	7.409343123435974121e-02	-6.824131309986114502e-02	-3.940796852111816406e-02	-6.141107529401779175e-03	3.285117819905281067e-02	1.888087987899780273e-01	-1.727223098278045654e-01	1.113661974668502808e-01	1.107753068208694458e-01	-2.821918390691280365e-02	1.625636518001556396e-01	3.539878129959106445e-02	2.373297140002250671e-02	3.121774643659591675e-03	-6.682047247886657715e-02	-1.540058851242065430e-01	-7.876390963792800903e-02	-2.658337168395519257e-02	-9.391222894191741943e-02	1.344681717455387115e-03	-1.751674339175224304e-03
-8.392837643623352051e-02	6.973503530025482178e-02	4.453037679195404053e-02	-1.048465222120285034e-01	-1.599270552396774292e-01	-5.477414000779390335e-03	-2.322575077414512634e-02	-9.725165367126464844e-02	1.677546650171279907e-01	-1.117950677871704102e-01	2.091757953166961670e-01	-9.974484145641326904e-02	-2.521006464958190918e-01	6.774747371673583984e-02	-4.844927042722702026e-02	1.980438530445098877e-01	-2.476129829883575439e-01	-7.740953564643859863e-02	-1.411787569522857666e-01	-9.960526227951049805e-02	3.324172645807266235e-02	9.882725775241851807e-02	-3.859193623065948486e-02	7.928024977445602417e-02	-1.383611410856246948e-01	-3.351473808288574219e-01	-7.087270915508270264e-02	-1.271743774414062500e-01	3.901547938585281372e-02	-8.812573552131652832e-02	5.843472480773925781e-02	8.302152156829833984e-02	-6.613285094499588013e-02	-5.421601235866546631e-05	8.659778535366058350e-02	3.990462422370910645e-02	-8.328376337885856628e-03	-1.306858360767364502e-01	2.022188752889633179e-01	-1.720044203102588654e-02	-2.273329198360443115e-01	-3.646806254982948303e-02	1.234563738107681274e-01	2.453165054321289062e-01	2.347929328680038452e-01	-7.518015801906585693e-03	-2.831927035003900528e-03	-9.531119465827941895e-02	1.734994500875473022e-01	-3.182783126831054688e-01	-2.995326742529869080e-02	8.993849158287048340e-02	5.852406099438667297e-02	1.068354621529579163e-01	1.444852948188781738e-01	-1.737973392009735107e-01	1.184257213026285172e-02	1.560972779989242554e-01	-2.309586554765701294e-01	6.193857267498970032e-02	2.175870537757873535e-02	-1.495032310485839844e-01	3.337350487709045410e-02	-8.352040499448776245e-02	2.223369777202606201e-01	4.131464287638664246e-02	-1.847597062587738037e-01	-1.194490194320678711e-01	1.790349185466766357e-01	-1.990943551063537598e-01	-5.140471458435058594e-02	1.115629523992538452e-01	-8.586803078651428223e-02	-2.132446020841598511e-01	-2.909640669822692871e-01	-2.345653064548969269e-02	4.024334847927093506e-01	2.062956392765045166e-01	-2.136563956737518311e-01	-1.237164065241813660e-02	-2.209950610995292664e-02	-9.095375239849090576e-02	6.307553499937057495e-02	2.011574804782867432e-01	4.965689033269882202e-02	-7.022511959075927734e-02	-7.055117189884185791e-02	9.250793606042861938e-03	2.188144177198410034e-01	-7.945462316274642944e-02	3.532969579100608826e-02	3.752963542938232422e-01	-7.834505289793014526e-03	1.032100804150104523e-02	-4.115940630435943604e-02	1.047343611717224121e-01	-2.004035264253616333e-01	-4.048291966319084167e-02	-7.555456459522247314e-02	-3.650784119963645935e-02	3.613725304603576660e-02	2.107468806207180023e-02	3.016787394881248474e-02	1.310796737670898438e-01	-1.440567672252655029e-01	1.903422921895980835e-01	-8.109308034181594849e-02	-1.591772213578224182e-02	-5.699191242456436157e-02	-8.965512365102767944e-02	1.557256095111370087e-02	-5.646098405122756958e-03	2.283565104007720947e-01	-2.492097020149230957e-01	9.381171315908432007e-02	1.767765879631042480e-01	7.465641945600509644e-03	1.520903557538986206e-01	-1.276727113872766495e-02	4.072573035955429077e-03	2.472562342882156372e-02	-7.965578138828277588e-02	-1.967593431472778320e-01	-4.557978361845016479e-02	1.003276929259300232e-02	-1.054289489984512329e-01	-3.457526117563247681e-02	-1.793229486793279648e-03
-1.435388624668121338e-01	7.878384739160537720e-02	1.352288573980331421e-01	-3.935430198907852173e-02	-1.179796755313873291e-01	-3.081458993256092072e-02	-4.756952449679374695e-02	-8.366212993860244751e-02	7.357381284236907959e-02	-1.601992547512054443e-01	2.286286950111389160e-01	-7.229768484830856323e-02	-1.593062430620193481e-01	8.677006512880325317e-02	-9.533697366714477539e-02	1.812420487403869629e-01	-1.971331387758255005e-01	-1.442637443542480469e-01	-1.020182520151138306e-01	-1.318916529417037964e-01	9.056825190782546997e-03	8.487385511398315430e-02	-6.627257913351058960e-02	5.011427029967308044e-02	-2.208516895771026611e-01	-2.975463271141052246e-01	-4.404472559690475464e-02	-1.035548597574234009e-01	2.450560778379440308e-02	-2.174137160181999207e-02	5.320441722869873047e-02	4.697198793292045593e-02	-4.356090351939201355e-02	1.157055497169494629e-01	7.117787003517150879e-02	5.977952107787132263e-02	2.355371415615081787e-02	-1.154643595218658447e-01	1.715864390134811401e-01	2.792393416166305542e-02	-3.055539727210998535e-01	3.735842183232307434e-04	1.265516728162765503e-01	3.229494988918304443e-01	2.321001142263412476e-01	-1.107357665896415710e-01	1.956679485738277435e-02	-8.389066159725189209e-02	1.565351188182830811e-01	-2.753525674343109131e-01	-6.513585150241851807e-02	1.478872299194335938e-01	7.063721120357513428e-02	1.013293564319610596e-01	8.008962869644165039e-02	-1.033528819680213928e-01	-8.613197132945060730e-03	1.564200520515441895e-01	-1.266994178295135498e-01	4.326280206441879272e-02	5.527529492974281311e-02	-1.053246483206748962e-01	2.093551307916641235e-02	-9.861093014478683472e-02	1.999702304601669312e-01	1.125798225402832031e-01	-2.507582902908325195e-01	-1.412609815597534180e-01	1.630284339189529419e-01	-1.659703850746154785e-01	-9.463439881801605225e-02	9.918145090341567993e-02	-1.386677026748657227e-01	-1.812702864408493042e-01	-2.684588134288787842e-01	2.829698473215103149e-02	4.576098322868347168e-01	1.662376970052719116e-01	-1.791397035121917725e-01	3.961289301514625549e-03	-5.724622309207916260e-02	4.598345607519149780e-03	6.954981386661529541e-02	2.722652852535247803e-01	8.928336203098297119e-03	-6.248201802372932434e-02	-3.707975521683692932e-02	2.196026220917701721e-02	2.261597067117691040e-01	-4.327063262462615967e-02	-2.228498645126819611e-02	2.074607759714126587e-01	-2.819764241576194763e-02	5.324686644598841667e-04	-5.502464994788169861e-02	1.429287940263748169e-01	-2.333852648735046387e-01	-1.045512221753597260e-02	-6.743875145912170410e-02	-3.175652027130126953e-02	-2.080821618437767029e-02	3.301967307925224304e-02	4.081536829471588135e-02	1.672018170356750488e-01	-1.218978613615036011e-01	2.290214300155639648e-01	-3.645906597375869751e-02	1.445239037275314331e-02	2.558692358434200287e-02	5.063760280609130859e-02	7.142151892185211182e-02	-7.149081677198410034e-03	1.151432245969772339e-01	-1.895491182804107666e-01	1.216626986861228943e-01	1.644931882619857788e-01	4.527946561574935913e-02	1.251991093158721924e-01	9.990480542182922363e-02	3.847717307507991791e-03	7.852435111999511719e-03	4.380229860544204712e-03	-1.551108509302139282e-01	-5.725248903036117554e-02	-6.221888959407806396e-02	-1.130549237132072449e-01	-2.400396019220352173e-02	-4.348912835121154785e-02
-1.846567988395690918e-01	1.408858746290206909e-01	7.078037410974502563e-02	-9.373906254768371582e-02	-1.406511068344116211e-01	2.914674393832683563e-02	-4.827173799276351929e-02	-1.050338745117187500e-01	1.974334120750427246e-01	-1.342211961746215820e-01	1.617021262645721436e-01	-6.167552620172500610e-02	-2.978963255882263184e-01	4.876377806067466736e-02	-5.772341415286064148e-02	2.345524430274963379e-01	-2.630318403244018555e-01	-1.545453518629074097e-01	-1.640875190496444702e-01	-1.638257950544357300e-01	8.342422544956207275e-03	1.269821226596832275e-01	-3.264193236827850342e-02	4.066672176122665405e-02	-2.012564539909362793e-01	-3.279074430465698242e-01	-7.159478962421417236e-02	-1.381573379039764404e-01	2.774200960993766785e-02	9.723431430757045746e-03	3.781576454639434814e-02	7.042430341243743896e-02	-5.603789910674095154e-02	8.463766425848007202e-03	1.020096167922019958e-01	8.718485385179519653e-02	-1.011778227984905243e-02	-1.395667791366577148e-01	1.614815741777420044e-01	-4.737503826618194580e-02	-2.285945862531661987e-01	-5.595149099826812744e-02	1.403827667236328125e-01	2.622058093547821045e-01	2.541549801826477051e-01	-4.335483536124229431e-02	3.233475983142852783e-02	-8.457700908184051514e-02	1.556486636400222778e-01	-3.338375389575958252e-01	-3.517696261405944824e-02	1.353448033332824707e-01	3.569783270359039307e-02	1.050154790282249451e-01	1.966604739427566528e-01	-2.032490074634552002e-01	1.924283802509307861e-03	1.810684055089950562e-01	-1.477153152227401733e-01	2.065540850162506104e-02	1.958755962550640106e-02	-1.337958574295043945e-01	4.363625310361385345e-03	-7.431541383266448975e-02	1.904482692480087280e-01	7.824879884719848633e-02	-1.793069541454315186e-01	-1.294216811656951904e-01	2.493844479322433472e-01	-1.434082090854644775e-01	-1.935398951172828674e-02	1.275959610939025879e-01	-1.264539361000061035e-01	-1.894196271896362305e-01	-2.760435640811920166e-01	-3.310624510049819946e-02	4.932227730751037598e-01	1.877351701259613037e-01	-1.518480926752090454e-01	2.177592366933822632e-03	-3.798431530594825745e-02	-3.364666178822517395e-02	4.066999256610870361e-02	1.548103541135787964e-01	-3.135264292359352112e-02	-1.016812101006507874e-01	-1.030574217438697815e-01	4.319088160991668701e-02	2.403908222913742065e-01	-5.293538048863410950e-02	1.022841874510049820e-02	2.925935089588165283e-01	2.392505295574665070e-02	-3.721217066049575806e-02	-9.878441691398620605e-03	1.333803236484527588e-01	-1.932666897773742676e-01	-7.649961113929748535e-02	-9.882219135761260986e-02	-5.829943716526031494e-02	7.305166870355606079e-02	-1.695717684924602509e-02	5.297847092151641846e-04	1.344054639339447021e-01	-1.148473098874092102e-01	1.512606441974639893e-01	-3.608369827270507812e-02	5.783656612038612366e-03	-7.527586072683334351e-02	-5.889665335416793823e-02	1.590534672141075134e-02	4.832996055483818054e-02	2.386111319065093994e-01	-1.959712505340576172e-01	8.215591311454772949e-02	1.766128689050674438e-01	-4.960808157920837402e-02	1.734294742345809937e-01	2.659530565142631531e-02	1.490535028278827667e-02	-1.458973716944456100e-02	-8.881016075611114502e-02	-1.746179759502410889e-01	-1.155883073806762695e-01	-3.398871980607509613e-03	-7.806979119777679443e-02	-1.776406168937683105e-02	2.457557804882526398e-02
-1.989957094192504883e-01	1.271932274103164673e-01	1.069987565279006958e-01	-9.039421379566192627e-02	-1.150204837322235107e-01	2.717856131494045258e-02	-8.160630613565444946e-02	-1.270813941955566406e-01	1.485236287117004395e-01	-2.466854006052017212e-01	1.628466546535491943e-01	-6.935265660285949707e-02	-3.040794730186462402e-01	1.488395631313323975e-01	-5.369521304965019226e-02	1.889955550432205200e-01	-2.101454585790634155e-01	-1.504323184490203857e-01	-1.744019091129302979e-01	-8.628538250923156738e-02	2.910021692514419556e-02	8.967855572700500488e-02	-4.514304921030998230e-02	7.143381237983703613e-02	-1.830949783325195312e-01	-3.494167327880859375e-01	-1.072346568107604980e-01	-6.099194660782814026e-02	5.144260823726654053e-03	-5.132120847702026367e-02	1.286153867840766907e-02	-7.094922661781311035e-02	-1.345762312412261963e-01	4.477451741695404053e-02	5.178214609622955322e-02	1.011481359601020813e-01	-6.984761450439691544e-03	-1.304749846458435059e-01	1.307293474674224854e-01	-3.323976323008537292e-02	-2.723052203655242920e-01	-6.101236864924430847e-02	1.341888904571533203e-01	2.269448041915893555e-01	1.381340324878692627e-01	-2.638350427150726318e-02	-1.313154958188533783e-02	-8.618480712175369263e-02	1.503752171993255615e-01	-3.153676688671112061e-01	1.792675629258155823e-02	9.665246307849884033e-02	9.884110093116760254e-02	1.535916030406951904e-01	1.531765013933181763e-01	-1.616917401552200317e-01	3.227239847183227539e-02	1.675685048103332520e-01	-1.391191184520721436e-01	6.915020197629928589e-02	5.958694592118263245e-02	-8.694357424974441528e-02	8.254057727754116058e-03	-6.726144999265670776e-02	2.439605146646499634e-01	1.283582299947738647e-01	-2.010666728019714355e-01	-1.603084802627563477e-01	1.824657022953033447e-01	-1.690692305564880371e-01	7.493181619793176651e-03	1.359063386917114258e-01	-8.146937191486358643e-02	-1.863494515419006348e-01	-2.084570527076721191e-01	-2.810121513903141022e-03	4.644926190376281738e-01	1.780967861413955688e-01	-1.580544710159301758e-01	-2.159593813121318817e-02	-7.434812188148498535e-02	-5.348456650972366333e-02	3.282900201156735420e-03	1.645188480615615845e-01	-1.800019294023513794e-02	1.942807063460350037e-02	-2.496496215462684631e-02	9.808167815208435059e-02	2.625667154788970947e-01	-2.879001572728157043e-02	1.221917010843753815e-02	3.071350157260894775e-01	5.509555339813232422e-03	-1.617193035781383514e-02	2.095492929220199585e-02	1.115958541631698608e-01	-2.188225090503692627e-01	-1.140502691268920898e-01	-6.964376568794250488e-02	-3.924149274826049805e-02	4.600020870566368103e-02	-1.823908463120460510e-02	-1.412118598818778992e-02	1.065854430198669434e-01	-1.254163384437561035e-01	2.147897630929946899e-01	-5.121055245399475098e-02	-1.051637809723615646e-02	2.306745760142803192e-02	6.689770519733428955e-02	-5.039323121309280396e-02	-6.526371836662292480e-02	1.858974695205688477e-01	-2.477963268756866455e-01	1.190691441297531128e-01	1.568171381950378418e-01	-2.928612567484378815e-02	1.194004788994789124e-01	5.673592910170555115e-03	6.285584717988967896e-02	2.655104361474514008e-02	4.664245992898941040e-03	-1.428338289260864258e-01	-1.183438897132873535e-01	3.995672985911369324e-02	-1.201669722795486450e-01	4.498559981584548950e-03	-3.643657639622688293e-02
